{"train_loss": [0.5887138492920819, 0.48628559708595276, 0.4675373557735892, 0.4541990669334636, 0.4383074255550609, 0.4351894224391264, 0.4225759769187254, 0.41752469890257893, 0.41358615545665517, 0.40369770632070656, 0.4177248372751124, 0.41280137616045337, 0.394721541334601, 0.43192612423616294, 0.4351998059188618, 0.3935161811463973, 0.40651315100052776, 0.3935943421195535, 0.4022112523808199, 0.38889319756451773, 0.3804336312939139, 0.3865488925400902, 0.38820313004886403, 0.38081668229664073, 0.39712544574457054, 0.3685441332704881, 0.40549086121951833, 0.37424179736305685, 0.3917822136598475, 0.38695695996284485, 0.40024346113204956, 0.40647874334279227, 0.383972506312763, 0.3736296348712024, 0.3906392577816458, 0.38500411545529084, 0.38201114535331726, 0.3803399047430824, 0.38439519966349883, 0.37992692694944497, 0.3759404403321883, 0.38836221659884734, 0.36649252561961904, 0.3755502174882328, 0.3696742636315963, 0.35922182658139395, 0.36396154410698833, 0.3631405199275297, 0.37866351884954114, 0.37911110590485964, 0.3834605707841761, 0.37660137870732474, 0.36683578350964713, 0.3812742391053368, 0.40258899506400614, 0.36620282776215496, 0.38144083058132844, 0.39231539298506346, 0.36828908674857197, 0.3755668910110698], "test_loss": [0.7244803309440613, 2.3011861642201743, 2.2711735566457114, 8.485395113627115, 3.6340773900349936, 0.5128391981124878, 0.388365904490153, 2.4262481530507407, 3.8241211573282876, 3.279909690221151, 1.8466981252034504, 1.5765437285105388, 2.2184938192367554, 0.3659275968869527, 0.8499781688054403, 2.464395602544149, 0.9597275257110596, 2.6438759167989097, 0.3843093315760295, 1.0522341926892598, 1.4990795056025188, 1.7226049900054932, 0.45249887307484943, 1.0793701608975728, 0.34271494547526044, 0.7691827615102133, 0.4209440350532532, 0.6176263491312662, 0.48060669501622516, 0.9276864131291708, 0.8286257982254028, 0.3852880299091339, 1.2211847305297852, 0.4618505835533142, 0.3912260830402374, 0.3305148184299469, 0.31435439984003705, 0.32422452171643573, 0.30181803305943805, 0.30939407149950665, 0.3036589523156484, 0.4452524979909261, 0.3124121328194936, 0.31825466950734455, 0.33733853697776794, 0.37095067898432416, 0.47315486272176105, 0.36983683705329895, 0.32134073972702026, 0.3289587398370107, 0.30872692664464313, 0.31377877791722614, 0.3227628866831462, 0.3165539602438609, 0.32159074147542316, 0.3113631208737691, 0.3072424530982971, 0.30886490146319073, 0.3105316758155823, 0.30945779879887897], "test_iou": [0.0, 0.34084753195444745, 0.0, 0.34087662895520526, 0.0, 0.337833692630132, 0.5173241297403971, 0.34087662895520526, 0.0, 0.0, 0.0, 0.0, 0.34087662895520526, 0.5114788015683492, 0.0, 0.0, 0.3654417196909587, 0.34087662895520526, 0.5106846491495768, 9.122753544943407e-05, 0.0, 0.0, 0.4047641058762868, 0.34354357918103534, 0.5554430882136027, 0.42265700300534564, 0.47033819556236267, 0.4504300355911255, 0.40445030728975934, 0.35994630058606464, 0.42704105377197266, 0.5407892962296804, 0.0730418215195338, 0.44168611367543537, 0.5157022575537363, 0.5641093452771505, 0.5584419965744019, 0.5404656330744425, 0.5643250346183777, 0.56160835425059, 0.5670630931854248, 0.5358412464459738, 0.5582704941431681, 0.5664258996645609, 0.5497277677059174, 0.5441999733448029, 0.5300018390019735, 0.544482002655665, 0.5560854276021322, 0.5537603497505188, 0.5585640966892242, 0.5560185015201569, 0.5539276401201884, 0.5565448701381683, 0.5563481450080872, 0.5573505560557047, 0.5581186811129252, 0.557187557220459, 0.557605524857839, 0.557565708955129], "test_dice": [0.15178574124972025, 0.42108916242917377, 0.15178574124972025, 0.42111265659332275, 0.15178574124972025, 0.5769410928090414, 0.702296237150828, 0.42111265659332275, 0.15178574124972025, 0.15178574124972025, 0.15178574124972025, 0.15178574124972025, 0.42111265659332275, 0.6979598800341288, 0.15178574124972025, 0.15178574124972025, 0.44303451975186664, 0.42111265659332275, 0.7118037740389506, 0.15196778376897177, 0.15178574124972025, 0.15178574124972025, 0.6470879912376404, 0.4230378369490306, 0.7509308457374573, 0.5051643749078115, 0.6998101671536764, 0.5189859569072723, 0.6433077255884806, 0.435850590467453, 0.5098565916220347, 0.603676974773407, 0.2646121283372243, 0.6740230123202006, 0.596915582815806, 0.7574721376101176, 0.7531391580899557, 0.7406106392542521, 0.7386463284492493, 0.7554350097974142, 0.7592860261599222, 0.5990615288416544, 0.7513633171717325, 0.6546720465024313, 0.6588790615399679, 0.6077215671539307, 0.592528760433197, 0.6089142759641012, 0.6644248763720194, 0.7084416747093201, 0.7334117293357849, 0.7307373483975729, 0.7279065847396851, 0.7306644717852274, 0.7113523880640665, 0.7325365940729777, 0.7327659328778585, 0.7321353952089945, 0.7323017120361328, 0.7319886088371277]}