{"train_loss": [0.5743291165147509, 0.4877747765609196, 0.4804637687546866, 0.4445871263742447, 0.43878465252263205, 0.4112196224076407, 0.4019107861178262, 0.4134274742433003, 0.4095710664987564, 0.4303745265517916, 0.397817211491721, 0.3887133683477129, 0.38486350647040773, 0.4012874364852905, 0.40743672634874073, 0.38959462089197977, 0.40179201109068735, 0.3798915892839432, 0.4072658781494413, 0.3808214707033975, 0.3683843059199197, 0.3826718564544405, 0.3659552165440151, 0.37861053219863344, 0.38185446177210125, 0.38496636918612887, 0.36582233011722565, 0.37496530583926607, 0.3726085381848471, 0.369689758334841, 0.3625258782080242, 0.341818881886346, 0.3717751268829618, 0.3739790511982782, 0.35942000576428007, 0.3397259754793985, 0.37107671584401813, 0.3749313290630068, 0.35738404946667807, 0.3706658461264202, 0.3772605061531067, 0.37690715917519163, 0.3754886133330209, 0.3520276652915137, 0.35894252359867096, 0.3583031956638609, 0.3586203817810331, 0.35638471799237387, 0.3722008488007954, 0.37104378427777973, 0.36443319490977694, 0.3491999272789274, 0.38387258989470346, 0.3635250415120806, 0.3714604697057179, 0.3389392431293215, 0.3781968951225281, 0.3711761257478169, 0.36355880754334585, 0.38220446024622234], "val_loss": [0.8223445216814677, 0.769045372804006, 0.6829532782236735, 0.7606911659240723, 2.025081435839335, 1.152349829673767, 1.4635691245396931, 1.8495618104934692, 0.9793156186739603, 0.9104043245315552, 0.8292075792948405, 1.9305074612299602, 1.3989606698354085, 0.5402708053588867, 0.508049875497818, 1.6428242524464924, 0.8012720743815104, 1.672632098197937, 2.6005125840504966, 1.229740301767985, 0.47965648770332336, 1.4523146947224934, 1.2893008788426716, 1.5635987122853596, 1.0140188733736675, 1.0352127154668171, 0.6504624883333842, 1.2372592290242512, 1.5399799744288127, 0.4646103580792745, 0.6728580395380656, 0.756522019704183, 0.44559229413668316, 0.5298156638940176, 0.4642288287480672, 0.6109109322230021, 0.42410115400950116, 0.4777400692303975, 0.680901030699412, 0.4755852321783702, 0.5031985143820444, 0.42371227343877155, 0.4210505386193593, 0.4379209478696187, 0.45783453186353046, 0.4476460615793864, 0.4377026359240214, 0.4319021900494893, 0.422237088282903, 0.41017748912175495, 0.4152761201063792, 0.4141948123772939, 0.408057967821757, 0.4320287803808848, 0.4254863460858663, 0.4351445237795512, 0.4166390001773834, 0.4068340063095093, 0.4058272143205007, 0.41943687200546265], "val_iou": [0.2815743188063304, 0.0, 0.0, 0.0, 0.0, 0.2818698287010193, 0.000525600456361038, 0.0, 0.0, 0.0, 0.28810442984104156, 0.2815985083580017, 0.28324733674526215, 0.4055916170279185, 0.34761034448941547, 0.2815985083580017, 0.03862843057140708, 0.2815985083580017, 0.0, 2.7448397304397076e-05, 0.38343848784764606, 0.0, 0.2840152581532796, 0.2815985083580017, 0.3175498843193054, 0.021783503082891304, 0.35523207982381183, 0.31307874123255414, 0.2815985083580017, 0.44441091020901996, 0.36996379494667053, 0.37133822838465375, 0.4267801344394684, 0.39095709721247357, 0.4187917908032735, 0.38243653376897174, 0.4353306790192922, 0.38553670048713684, 0.28002381324768066, 0.3868582348028819, 0.41993777950604755, 0.4368651906649272, 0.4208759367465973, 0.4144241114457448, 0.437644084294637, 0.4454454282919566, 0.44224515557289124, 0.4278126855691274, 0.43535486857096356, 0.43049826224644977, 0.45169392228126526, 0.4418303867181142, 0.4444838960965474, 0.42759376764297485, 0.44792869687080383, 0.4504932165145874, 0.43334080775578815, 0.4470645288626353, 0.450965295235316, 0.44018925229708356], "val_dice": [0.3735559781392415, 0.15544871985912323, 0.15544871985912323, 0.15544871985912323, 0.15544871985912323, 0.3739841679732005, 0.1564954270919164, 0.15544871985912323, 0.15544871985912323, 0.15544871985912323, 0.37963419159253436, 0.3735765318075816, 0.37512099742889404, 0.503849983215332, 0.44387353459994, 0.3735765318075816, 0.21883433560530344, 0.3735765318075816, 0.15544871985912323, 0.15550354619820914, 0.6215001940727234, 0.15544871985912323, 0.37573089202245075, 0.3735765318075816, 0.41187921166419983, 0.1913303111990293, 0.6023249824841818, 0.4071180820465088, 0.3735765318075816, 0.6132423480351766, 0.4624601701895396, 0.46134863297144574, 0.5255315701166788, 0.6349658966064453, 0.625051736831665, 0.48115336894989014, 0.5616693496704102, 0.6373918453852335, 0.5359197457631429, 0.6003861625989279, 0.5167428851127625, 0.5848919153213501, 0.6565247972806295, 0.6420079270998637, 0.65164182583491, 0.6142053405443827, 0.6565783619880676, 0.6604037284851074, 0.6490214268366495, 0.6683938900629679, 0.64590456088384, 0.6572513381640116, 0.6638273199399313, 0.6381822427113851, 0.6387506524721781, 0.6404078205426534, 0.6471694111824036, 0.6417333285013834, 0.6446983416875204, 0.586872418721517]}