{"train_loss": [1.7637420506936121, 1.60944972383501, 1.5159884160647008, 1.4149721936960225, 1.3679350579599752, 1.307557961953895, 1.2312864822440832, 1.1552878796262651, 1.0683627697036688, 0.9936039094829158, 0.948843593615948, 0.885352699664715, 0.8041572157603697, 0.7441596122748805, 0.6786853912041185, 0.6141635129704304, 0.5446658246062278, 0.5234456048608019, 0.5032315133534707, 0.43858051108896906, 0.38808939535717457, 0.40461649306198133, 0.31014296590104085, 0.24796844945492233, 0.26802808366858305, 0.2604982280831604, 0.2295385440615415, 0.22808463312021768, 0.1496265246561518, 0.22982586973841845, 0.14007397350328116, 0.15172150591101738, 0.19279879493778254, 0.11025005460731567, 0.11698978979793381, 0.1426064324371244, 0.13017128140052855, 0.13404464862630094, 0.07382939446803181, 0.08666267922581941, 0.09628999588337094, 0.10827149034625298, 0.11190825957559944, 0.09265944440367926, 0.11540261086693156, 0.06508882062833674, 0.05539229204971736, 0.05941973095153349, 0.14281675655902842, 0.09774241768062636], "val_loss": [1.6373765412935486, 1.4986718406009303, 1.5324357033703577, 1.4581914087213894, 1.3844571473069691, 1.3851370187584993, 1.1515969174845209, 1.2107788486703361, 1.0606635192025033, 1.2460072062010894, 0.9739795927871526, 1.0964940697070689, 0.726803211850415, 0.6869793216542047, 0.9778242829012963, 0.6096446584721715, 0.8620064143192907, 0.7441021453893603, 0.6540515984658601, 0.6865392672876439, 0.7244980018368491, 0.4466769858788887, 0.3706496762626366, 0.2829687421423916, 0.4816580309853291, 0.2564312080609891, 0.3366211826699253, 0.21212474307487447, 0.34045159199242464, 0.234261802302543, 0.14465514628727583, 0.24112772648059672, 0.1927381204187522, 0.23619148972650794, 0.15636163571577, 0.19661022447042284, 0.3182748484062072, 0.09502593574842533, 0.06919427268139806, 0.12119185565794177, 0.12414676008622819, 0.2693246886829922, 0.1586966615402165, 0.14993735003913164, 0.12752802682005898, 0.08793194255345874, 0.16418859947023004, 0.14277536445569086, 0.15199218228448486, 0.08136817498235865], "train_acc": [0.2960803368966634, 0.3670229996760609, 0.39909297052154197, 0.4467120181405896, 0.47845804988662133, 0.5079365079365079, 0.550696469063816, 0.5740200842241658, 0.611597019760285, 0.6482021379980564, 0.6631033365727244, 0.6909620991253644, 0.7133138969873664, 0.7314544865565273, 0.7648202137998056, 0.7758341431810819, 0.8056365403304179, 0.8150307742144477, 0.826044703595724, 0.8529316488500162, 0.8671849692257856, 0.859086491739553, 0.894395853579527, 0.9177194687398769, 0.9076773566569485, 0.9128603822481374, 0.9222546161321672, 0.9258179462261095, 0.9527048914804017, 0.9225785552316165, 0.9591836734693877, 0.94881762228701, 0.9306770327178491, 0.9692257855523162, 0.9646906381600259, 0.9517330741820538, 0.9569160997732427, 0.9507612568837058, 0.9792678976352446, 0.9731130547457079, 0.9682539682539683, 0.9659863945578231, 0.963718820861678, 0.9685779073534175, 0.9604794298671849, 0.9799157758341431, 0.9838030450275348, 0.9782960803368966, 0.9514091350826045, 0.9666342727567218], "val_acc": [0.35700389105058367, 0.4036964980544747, 0.41342412451361865, 0.42509727626459143, 0.448443579766537, 0.46206225680933855, 0.5739299610894941, 0.5622568093385214, 0.6108949416342413, 0.5719844357976653, 0.6488326848249028, 0.6138132295719845, 0.7198443579766537, 0.7490272373540856, 0.6712062256809338, 0.7791828793774319, 0.7052529182879378, 0.7227626459143969, 0.7597276264591439, 0.7529182879377432, 0.7597276264591439, 0.8482490272373541, 0.857976653696498, 0.8949416342412452, 0.8570038910505836, 0.9027237354085603, 0.8784046692607004, 0.9280155642023347, 0.8754863813229572, 0.9134241245136187, 0.9552529182879378, 0.9075875486381323, 0.9212062256809338, 0.9260700389105059, 0.9523346303501945, 0.9309338521400778, 0.896887159533074, 0.9649805447470817, 0.9795719844357976, 0.9562256809338522, 0.9620622568093385, 0.9105058365758755, 0.9503891050583657, 0.9523346303501945, 0.9610894941634242, 0.9717898832684825, 0.9416342412451362, 0.9523346303501945, 0.9484435797665369, 0.9688715953307393]}